ID,Date/time,End date/time,Hours,Minutes,Decimal hours,Who,Company,Project,Task ID,Description
9011,2026-07-01 09:00,2026-07-01 10:30,,,1.5,QA42 Resolutor,QA42 Company,QA42 Project,TWTIME-9001,Ajuste de reporte mensual
9012,2026-07-02 09:00,2026-07-02 09:45,0,45,,QA42 Resolutor,QA42 Company,QA42 Project,TWTIME-9001,Revisión de logs
9013,2026-07-03 09:00,2026-07-03 10:00,1,0,,Colaborador Fantasma QA42,QA42 Company,QA42 Project,TWTIME-9001,Soporte puntual
9014,2026-07-04 09:00,2026-07-04 10:00,1,0,,QA42 Resolutor,QA42 Company,Proyecto Fantasma QA42,TWTIME-9001,Trabajo en proyecto inexistente
9015,2026-07-05 09:00,2026-07-05 10:00,1,0,,QA42 Resolutor,QA42 Company,QA42 Project,TWTIME-999999,Tarea inexistente
9016,2026-07-06 09:00,2026-07-06 10:00,1,0,,QA42 Resolutor,QA42 Company,QA42 Project,TWTIME-9001,
9017,2026-07-07 09:00,2026-07-07 10:00,1,0,,QA42 Resolutor,QA42 Company,QA42 Project,TWTIME-9001,Primera ocurrencia de ID duplicado
9017,2026-07-07 10:00,2026-07-07 11:00,1,0,,QA42 Resolutor,QA42 Company,QA42 Project,TWTIME-9001,Segunda ocurrencia de ID duplicado
9019,2026-07-08 09:00,2026-07-08 10:00,,,,QA42 Resolutor,QA42 Company,QA42 Project,TWTIME-9001,Sin duración registrada
